thebestchef,alad
thebestchef,alat
thebestchef,alpa
thebestchef,anap
thebestchef,anca
thebestchef,anluad
thebestchef,ansopi
thebestchef,bede
thebestchef,bjfr
thebestchef,chha
thebestchef,chpu
thebestchef,cole
thebestchef,dahu
thebestchef,damu
thebestchef,daol
thebestchef,docr
thebestchef,embe
thebestchef,enat
thebestchef,encr
thebestchef,erfr
thebestchef,eshoba
thebestchef,gedema
thebestchef,grac
thebestchef,grbe
thebestchef,hayo
thebestchef,jobi
thebestchef,jobo
thebestchef,joro
thebestchef,maal
thebestchef,mabe
thebestchef,mabo
thebestchef,mitr
thebestchef,nibr
thebestchef,nidico
thebestchef,niro
thebestchef,noni
thebestchef,paba
thebestchef,pego
thebestchef,piga
thebestchef,quda
thebestchef,rako
thebestchef,rere
thebestchef,roem
thebestchef,svel
thebestchef,syba
thebestchef,vigu
thebestchef,vima
thebestchef,vlmu
thebestchef,yaal
thebestchef,yona
lechef,erfr
lechef,ansopi
lechef,mitr
lechef,paba
lechef,anca
lechef,mabe
lechef,piga
lechef,pego
lechef,dahu
lechef,maal
lechef,rako
lechef,alpa
lechef,encr
lechef,grac
lechef,yaal
lechef,mabo
lechef,niro
lechef,jobo
lechef,bjfr
lechef,rere
lechef,joro
lechef,ardo
lechef,emre
lechef,seya
lechef,aldu
lechef,mibr
lechef,alco
lechef,gigo
lechef,arla
lechef,daba
lechef,erpr
lechef,papa
lechef,pabo
lechef,maco
lechef,crba
lechef,nasa
lechef,diko
lechef,rema
lechef,anad
lechef,gusa
worldsfifty,daki
worldsfifty,anch
worldsfifty,jepi
worldsfifty,here
worldsfifty,yomu
worldsfifty,jowi
worldsfifty,thke
worldsfifty,joro
worldsfifty,gepa
worldsfifty,encr
worldsfifty,grac
worldsfifty,vlmu
worldsfifty,yaal
worldsfifty,mabo
worldsfifty,alat
worldsfifty,niro
worldsfifty,joro
worldsfifty,seya
worldsfifty,aldu
worldsfifty,daba
worldsfifty,papa
worldsfifty,maco
worldsfifty,anad
worldsfifty,here
worldsfifty,gaan
worldsfifty,viar
worldsfifty,jova
worldsfifty,enol
worldsfifty,zaha
worldsfifty,orca
worldsfifty,maca
worldsfifty,edxa
worldsfifty,besh
worldsfifty,dasoin
worldsfifty,erri
worldsfifty,rogu
worldsfifty,juro
worldsfifty,jumaar
worldsfifty,ismc
worldsfifty,tira
worldsfifty,jalo
worldsfifty,gaac
worldsfifty,begr
worldsfifty,brgr
worldsfifty,megue
worldsfifty,hebl
worldsfifty,josk
worldsfifty,anro
worldsfifty,dath
worldsfifty,ludaro
worldsfifty,mits
tripadvisor,cemo
tripadvisor,saba
tripadvisor,raza
tripadvisor,jaga
tripadvisor,joph
tripadvisor,anca
tripadvisor,kigh
tripadvisor,cheo
tripadvisor,adst
tripadvisor,mits
tripadvisor,mame
tripadvisor,chco
tripadvisor,rabl
tripadvisor,gakr
tripadvisor,rica
tripadvisor,onko
tripadvisor,sama
tripadvisor,vice
tripadvisor,lapi
tripadvisor,jefe
tripadvisor,dabo
roem,fead
roem,rako
nidico,gumar
nidico,jumaar
nidico,elar
nidico,gatr
cole,thke
cole,mapiwh
cole,dabo
cole,gusa
docr,jeto
docr,mafr
chpu,fead
chpu,rere
vigu,frgi
vigu,anja
vigu,daol
vigu,gumar
vigu,pewi
vigu,name
svel,dibi
svel,dokahe
svel,dimue
erfr,rofe
erfr,chcon
erfr,jesa
erfr,enta
erfr,clde
erfr,jeclvr
chha,alse
chha,erbr
ansopi,alpi
ansopi,japi
mitr,pabo
mitr,gari
mitr,fepo
mitr,pame
mitr,frgi
mitr,migu
paba,alpa
embe,maje
gedema,daho
enat,anluad
enat,mabe
syba,jobo
syba,jegekl
syba,gora
syba,sehe
anluad,jumaar
anluad,raro
anluad,hiar
anluad,jelone
anluad,fead
anluad,fear
anluad,pesu
anluad,mabe
yona,jorob
yona,pabo
yona,frgi
yona,ezsa
mabe,anma
mabe,frbr
mabe,diou
daol,guma
daol,alro
daol,aldu
daol,pihe
anap,elsi
anap,hebl
piga,jeclga
piga,pabo
piga,rade
piga,alse
grbe,pabo
grbe,frro
grbe,suen
noni,alsc
noni,joemue
noni,ecwi
noni,dabou
hayo,bero
hayo,mibr
pego,gale
dahu,dame
dahu,gera
vima,gaac
maal,alchi
maal,mave
maal,migu
maal,rich
rako,roso
rako,roem
nibr,sehe
alad,anes
alad,frto
alpa,mike
alpa,gebo
alpa,alse
encr,mibr
encr,fead
encr,gumar
encr,chwi
encr,giar
encr,anwe
grac,chtr
grac,thke
vlmu,chet
vlmu,miph
yaal,mama
yaal,gabi
yaal,logr
mabo,aldu
mabo,fead
jobo,edme
bjfr,chli
bjfr,nila
bjfr,alpa
rere,fead
rere,japo
rere,lapo
rere,throan
rere,pian
rere,thke
joro,fead
joro,sasa
joro,geblu
ardo,aldu
ardo,migu
emre,mave
emre,yvth
seya,hiko
aldu,alch
aldu,migu
aldu,rove
gigo,rove
arla,migu
arla,rove
erpr,belo
erpr,piga
erpr,anwe
erpr,rema
pabo,eubr
maco,belo
maco,alpa
maco,aldu
nasa,tesa
diko,ecwi
diko,hewi
anad,fead
gusa,getr
daki,mach
anch,jorob
anch,lapo
anch,japo
anch,tili
jepi,brci
jepi,chcon
jepi,aldu
here,jorob
here,anmo
here,alch
here,ruob
here,kaob
gepa,migu
jova,osve
jova,enol
orca,fead
maca,fead
edxa,fead
besh,mali
dasoin,enol
juro,mibr
juro,bead
jalo,hebl
hebl,alpa
saba,mimu
saba,rere
raza,fead
raza,alad
cheo,docr
adst,aapa
rica,rabl
rica,heda
rica,jelono
rica,gumar
dabo,alse
dabo,lagr
,
,
,
,
,
,
,
,
,
,
,
,
,
,
,
,
,
,
,
,
,
,
,
,
,
,
,
,
,
,
,
,
,
,
,
,
,
,
,
,
,
,
,
,
,
,
,
,
,
,
,
,
,
,
,
,
,
,
,
,
,
,
,
,
,
,
,
,
,
,
,
,
,
,
,
,
,
,
,
,
,
,
,
,
,
,
,
,
,
,
,
,
,
,
,
,
,
,
,
,
,
,
,
,
,
,
,
,
,
,
,
,
,
,
,
,
,
,
,
,
,
,
,
,
,
,
,
,
,
,
,
,
,
,
,
,
,
,
,
,
,
,
,
,
,
,
,
,
,
,
,
,
,
,
,
,
,
,
,
,
,
,
,
,
,
,
,
,
,
,
,
,
,
,
,
,
,
,
,
,
,
,
,
,
,
,
,
,
,
,
,
,
,
,
,
,
,
,
,
,
,
,
,
,
,
,
,
,
,
,
,
,
,
,
,
,
,
,
,
,
,
,
,
,
,
,
,
,
,
,
,
,
,
,
,
,
,
,
,
,
,
,
,
,
,
,
,
,
,
,
,
,
,
,
,
,
,
,
,
,
,
,
,
,
,
,
,
,
,
,
,
,
,
,
,
,
,
,
,
,
,
,
,
,
,
,
,
,
,
,
,
,
,
,
,
,
,
,
,
,
,
,
,
,
,
,
,
,
,
,
,
,
,
,
,
,
,
,
,
,
,
,
,
,
,
,
,
,
,
,
,
,
,
,
,
,
,
,
,
,
,
,
,
,
,
,
,
,
,
,
,
,
,
,
,
,
,
,
,
,
,
,
,
,
,
,
,
,
,
,
,
,
,
,
,
,
,
,
,
,
,
,
,
,
,
,
,
,
,
,
,
,
,
,
,
,
,
,
,
,
,
,
,
,
,
,
,
,
,
,
,
,
,
,
,
,
,
,
,
,
,
,
,
,
,
,
,
,
,
,
,
,
,
,
,
,
,
,
,
,
,
,
,
,
,
,
,
,
,
,
,
,
,
,
,
,
,
,
,
,
,
,
,
,
,
,
,
,
,
,
,
,
,
,
,
,
,
,
,
,
,
,
,
,
,
,
,
,
,
,
,
,
,
,
,
,
,
,
,
,
,
,
,
,
,
,
,
,
,
,
,
,
,
,
,
,
,
,
,
,
,
,
,
,
,
,
,
,
,
,
,
,
,
,
,
,
,
,
,
,
,
,
,
,
,
,
,
,
,
,
,
,
,
,
,
,
,
,
,
,
,
,
,
,
,
,
,
,
,
,
,
,
,
,
,
,
,
,
,
,
,
,
,
,
,
,
,
,
,
,
,
,
,
,
,
,
,
,
,
,
,
,
,
,
,
,
,
,
,
,
,
,
,
,
,
,
,
,
,
,
,
,
,
,
,
,
,
,
,
,
,
,
,
,
,
,
,
,
,
,
,
,
,
,
,
,
,
,
,
,
,
,
,
,
,
,
,
,
,
,
,
,
,
thebestchef,